<?xml version="1.0" encoding="UTF-8"?> 
<package xmlns="http://pear.php.net/dtd/package-2.0" xmlns:tasks="http://pear.php.net/dtd/tasks-1.0" xmlns:xsi="http://www.w3.org/2001/XMLSchema-instance" packagerversion="1.4.7" version="2.0" xsi:schemaLocation="http://pear.php.net/dtd/tasks-1.0 http://pear.php.net/dtd/tasks-1.0.xsd http://pear.php.net/dtd/package-2.0 http://pear.php.net/dtd/package-2.0.xsd"> 
 <name>yaf</name>
 <channel>pecl.php.net</channel>
 <summary>PHP Framework in PHP extension</summary>
 <description>Yaf is a PHP framework similar to zend framework, which is written in c and built as PHP extension</description>
 <lead>
  <name>Xinchen Hui</name>
  <user>laruence</user>
  <email>laruence@php.net</email>
  <active>yes</active>
 </lead>
 <date>2012-05-21</date>
 <time>13:59:04</time>
 <version>
  <release>2.1.16</release>
  <api>2.1.16</api>
 </version>
 <stability>
  <release>beta</release>
  <api>beta</api>
 </stability>
 <license uri="http://www.php.net/license">PHP</license>
 <notes>
  - Fixed bug that if fatal error occurred in template, Yaf_View_Simple doesn't output the error message
  - Fixed bug that segv in Yaf_View_Simple::render if the tpl directory parameter is not a string
  - Fixed one invalid read in Yaf_Route_Static
  - Fixed bug that segv occurred while using a custom view engine
  - Fixed one memleak
 </notes>
 <contents> 
  <dir name="/"> 
   <file name="config.m4"    role="src" />
   <file name="yaf_action.c" role="src" />
   <file name="yaf_action.h" role="src" />
   <file name="yaf_application.c" role="src" />
   <file name="yaf_application.h" role="src" />
   <file name="yaf_bootstrap.c" role="src" />
   <file name="yaf_bootstrap.h" role="src" />
   <file name="yaf.c" role="src" />
   <file name="yaf_config.c" role="src" />
   <file name="yaf_config.h" role="src" />
   <file name="yaf_controller.c" role="src" />
   <file name="yaf_controller.h" role="src" />
   <file name="yaf_dispatcher.c" role="src" />
   <file name="yaf_dispatcher.h" role="src" />
   <file name="yaf.dsp" role="src" />
   <file name="yaf_exception.c" role="src" />
   <file name="yaf_exception.h" role="src" />
   <file name="yaf_loader.c" role="src" />
   <file name="yaf_loader.h" role="src" />
   <file name="yaf_logo.h" role="src" />
   <file name="yaf_namespace.h" role="src" />
   <file name="yaf.php" role="src" />
   <file name="yaf_plugin.c" role="src" />
   <file name="yaf_plugin.h" role="src" />
   <file name="yaf_registry.c" role="src" />
   <file name="yaf_registry.h" role="src" />
   <file name="yaf_request.c" role="src" />
   <file name="yaf_request.h" role="src" />
   <file name="yaf_response.c" role="src" />
   <file name="yaf_response.h" role="src" />
   <file name="yaf_router.c" role="src" />
   <file name="yaf_router.h" role="src" />
   <file name="yaf_session.c" role="src" />
   <file name="yaf_session.h" role="src" />
   <file name="yaf_view.c" role="src" />
   <file name="yaf_view.h" role="src" />
   <dir name="configs">
    <file name="ini.c" role="src" />
    <file name="simple.c" role="src" />
   </dir>
   <file name="config.w32" role="src" />
   <file name="CREDITS" role="src" />
   <file name="EXPERIMENTAL" role="src" />
   <file name="php_yaf.h" role="src" />
   <dir name="requests">
    <file name="http.c" role="src" />
    <file name="simple.c" role="src" />
   </dir>
   <dir name="response">
    <file name="http.c" role="src" />
    <file name="cli.c" role="src" />
   </dir>
   <dir name="routes">
    <file name="interface.c" role="src" />
    <file name="rewrite.c" role="src" />
    <file name="supervar.c" role="src" />
    <file name="static.c" role="src" />
    <file name="simple.c" role="src" />
    <file name="regex.c" role="src" />
    <file name="map.c" role="src" />
   </dir>
   <dir name="views">
    <file name="interface.c" role="src" />
    <file name="simple.c" role="src" />
   </dir>
   <dir name="tests">
    <file name="001.phpt" role="test" />
    <file name="002.phpt" role="test" />
    <file name="003.phpt" role="test" />
    <file name="004.phpt" role="test" />
    <file name="005.phpt" role="test" />
    <file name="006.phpt" role="test" />
    <file name="007.phpt" role="test" />
    <file name="008.phpt" role="test" />
    <file name="009.phpt" role="test" />
    <file name="010.phpt" role="test" />
    <file name="011.phpt" role="test" />
    <file name="012.phpt" role="test" />
    <file name="013.phpt" role="test" />
    <file name="014.phpt" role="test" />
    <file name="015.phpt" role="test" />
    <file name="016.phpt" role="test" />
    <file name="017.phpt" role="test" />
    <file name="018.phpt" role="test" />
    <file name="019.phpt" role="test" />
    <file name="020.phpt" role="test" />
    <file name="021.phpt" role="test" />
    <file name="022.phpt" role="test" />
    <file name="023.phpt" role="test" />
    <file name="024.phpt" role="test" />
    <file name="025.phpt" role="test" />
    <file name="026.phpt" role="test" />
    <file name="027.phpt" role="test" />
    <file name="028.phpt" role="test" />
    <file name="029.phpt" role="test" />
    <file name="030.phpt" role="test" />
    <file name="031.phpt" role="test" />
    <file name="032.phpt" role="test" />
    <file name="033.phpt" role="test" />
    <file name="034.phpt" role="test" />
    <file name="035.phpt" role="test" />
    <file name="036.phpt" role="test" />
    <file name="037.phpt" role="test" />
    <file name="038.phpt" role="test" />
    <file name="039.phpt" role="test" />
    <file name="040.phpt" role="test" />
    <file name="bug61493.phpt" role="test" />
    <file name="simple.ini" role="test" />
   </dir>
  </dir> 
 </contents> 
 <dependencies> 
  <required> 
   <php> 
    <min>5.2.0</min> 
    <max>5.4.0</max>
   </php> 
   <pearinstaller> 
    <min>1.4.0</min> 
   </pearinstaller> 
  </required> 
 </dependencies> 
 <providesextension>yaf</providesextension>
 <extsrcrelease />
 <changelog> 
  <release> 
   <date>2012-05-21</date> 
   <version> 
    <release>2.1.16</release> 
    <api>2.1.16</api> 
   </version> 
   <stability> 
    <release>beta</release> 
    <api>beta</api> 
   </stability> 
   <license uri="http://www.php.net/license">PHP License</license> 
   <notes>
    - Fixed bug that if fatal error occurred in template, Yaf_View_Simple doesn't output the error message
    - Fixed bug that segv in Yaf_View_Simple::render if the tpl directory parameter is not a string
    - Fixed one invalid read in Yaf_Route_Static
    - Fixed bug that segv occurred while using a custom view engine
    - Fixed one memleak
   </notes> 
  </release> 

  <release> 
   <date>2012-05-07</date> 
   <version> 
    <release>2.1.15</release> 
    <api>2.1.15</api> 
   </version> 
   <stability> 
    <release>beta</release> 
    <api>beta</api> 
   </stability> 
   <license uri="http://www.php.net/license">PHP License</license> 
   <notes>
    - Fixed typo variable name in static route(affect 2.1.14)
   </notes> 
  </release> 
  <release> 
   <date>2012-05-05</date> 
   <version> 
    <release>2.1.14</release> 
    <api>2.1.14</api> 
   </version> 
   <stability> 
    <release>beta</release> 
    <api>beta</api> 
   </stability> 
   <license uri="http://www.php.net/license">PHP License</license> 
   <notes>
    - Fixed Bug that if no routes success router will throw exception(since 2.1.13 Yaf supports configure default route by application.ini)
    - Fixed Bug that 'foo/index' router result as c => index a => foo
   </notes> 
  </release> 
  <release> 
   <date>2012-04-24</date> 
   <version> 
    <release>2.1.13</release> 
    <api>2.1.13</api> 
   </version> 
   <stability> 
    <release>beta</release> 
    <api>beta</api> 
   </stability> 
   <license uri="http://www.php.net/license">PHP License</license> 
   <notes>
    - Added Yaf_View_Simple::eval
    - Supported short_open_tag in Yaf_View_Simple
    - Fixed a potential segfault while alternately access two yaf application host in one machine
    - Improve the Yaf_Route_Static/Supervar::route logic
    - Fixed bug that 404 occurred if the request is prefix with more than one slash
    - Fixed bug that free NULL pointer in Yaf_Loader::registerLocalNameSpace
   </notes> 
  </release> 
  <release> 
   <date>2012-04-18</date> 
   <version> 
    <release>2.1.12</release> 
    <api>2.1.12</api> 
   </version> 
   <stability> 
    <release>beta</release> 
    <api>beta</api> 
   </stability> 
   <license uri="http://www.php.net/license">PHP License</license> 
   <notes>
    - Fixed bug that baseUri set to wrong value (affected version: 2.1.10, 2.1.11)
    - Fixed bug Yaf_View_Simple crash while calling assign if construct it with no tpl_dir
    - Fixed bug that Yaf_View_Simple::display doesn't convert controller name
   </notes> 
  </release> 
  <release> 
   <date>2012-04-11</date> 
   <version> 
    <release>2.1.11</release> 
    <api>2.1.11</api> 
   </version> 
   <stability> 
    <release>beta</release> 
    <api>beta</api> 
   </stability> 
   <license uri="http://www.php.net/license">PHP License</license> 
   <notes>
    - Improve Yaf_Config parsing performance,  if the wanted section was parsed, then overpass the rest sections
    - Now catchException will failover to the default moudle error handler
    - Added Yaf_View_Simple::clear
    - Support set default route by config(appliation.dispatcher.defaultRoute)
    - Support adding Yaf_Route_Map by config
    - Allow Yaf_View_Simple::get(void)
    - Fixed Bug that Yaf_Config_Ini will take part of the section
    - Fixed bug that yaf_config_ini_deep_copy is not much deepy.
    - Fixed bug Yaf_Route_Simple dont respect application.modules configure
    - Fixed some memory leaks
   </notes> 
  </release> 
  <release> 
   <date>2012-04-01</date> 
   <version> 
    <release>2.1.10</release> 
    <api>2.1.10</api> 
   </version> 
   <stability> 
    <release>beta</release> 
    <api>beta</api> 
   </stability> 
   <license uri="http://www.php.net/license">PHP License</license> 
   <notes> 
    - Fixed bug #61493 (Can't remove item when using unset() with a Yaf_Config_Simple instance)
    - Support controller autoloading(Only default module)
    - Fixed bug that the controller name could be lowercase in routeShutdown hook
    - Fixed bug that segfault while attempt to free owrite_handler
    - Added Yaf_Controller::$yafAutoRender to controller render
    - Fixed some memory leaks
   </notes> 
  </release> 
  <release> 
   <date>2012-03-20</date> 
   <version> 
    <release>2.1.9</release> 
    <api>2.1.9</api> 
   </version> 
   <stability> 
    <release>stable</release> 
    <api>stable</api> 
   </stability> 
   <license uri="http://www.php.net/license">PHP License</license> 
   <notes> 
    - Fixed Bug that Yaf_Response::setBody cause invalid read
   </notes> 
  </release> 
  <release> 
   <date>2012-03-12</date> 
   <version> 
    <release>2.1.8</release> 
    <api>2.1.8</api> 
   </version> 
   <stability> 
    <release>stable</release> 
    <api>stable</api> 
   </stability> 
   <license uri="http://www.php.net/license">PHP License</license> 
   <notes> 
    - Fixed bug Yaf_Response::setBody act the same as Yaf_Response::prependBody
   </notes> 
  </release> 
  <release> 
   <date>2012-02-05</date> 
   <version> 
    <release>2.1.7</release> 
    <api>2.1.7</api> 
   </version> 
   <stability> 
    <release>stable</release> 
    <api>stable</api> 
   </stability> 
   <license uri="http://www.php.net/license">PHP License</license> 
   <notes> 
    - Release 2.1.7 stable
   </notes> 
  </release> 

  <release> 
   <date>2012-01-06</date> 
   <version> 
    <release>2.1.6</release> 
    <api>2.1.6</api> 
   </version> 
   <stability> 
    <release>beta</release> 
    <api>beta</api> 
   </stability> 
   <license uri="http://www.php.net/license">PHP License</license> 
   <notes> 
    - Fix Bug that classname with namespace can not be auto loaded
   </notes> 
  </release> 
  <release> 
   <date>2011-12-26</date> 
   <version> 
    <release>2.1.5</release> 
    <api>2.1.5</api> 
   </version> 
   <stability> 
    <release>beta</release> 
    <api>beta</api> 
   </stability> 
   <license uri="http://www.php.net/license">PHP License</license> 
   <notes> 
    - Fix Bug #60608
   </notes> 
  </release> 
  <release> 
   <date>2011-12-21</date> 
   <version> 
    <release>2.1.4</release> 
    <api>2.1.4</api> 
   </version> 
   <stability> 
    <release>beta</release> 
    <api>beta</api> 
   </stability> 
   <license uri="http://www.php.net/license">PHP License</license> 
   <notes> 
    - Improve the Yaf_Loader::getInstance, make the Yaf_Loader can be used independently
    - Implemented Yaf_View::assignRef, which didn't work as expect before.
   </notes> 
  </release> 
  <release> 
   <date>2011-10-08</date> 
   <version> 
    <release>2.1.3</release> 
    <api>2.1.3</api> 
   </version> 
   <stability> 
    <release>beta</release> 
    <api>beta</api> 
   </stability> 
   <license uri="http://www.php.net/license">PHP License</license> 
   <notes> 
    - Fixed Bug that Yaf still call to Yaf_View_Simple although a custom view engine was setted
   </notes> 
  </release> 
  <release> 
   <date>2011-09-01</date> 
   <version> 
    <release>2.1.2</release> 
    <api>2.1.2</api> 
   </version> 
   <stability> 
    <release>beta</release> 
    <api>beta</api> 
   </stability> 
   <license uri="http://www.php.net/license">PHP License</license> 
   <notes> 
    - Added Yaf_Application::getLastErrorNo
    - Added Yaf_Application::getLastErrorMsg
    - Added Yaf_Application::clearLastError
    - Changed trigger ERROR to E_RECOVERABLE_ERROR, then people can use set_error_handler to catch it
   </notes> 
  </release> 
  <release> 
   <date>2011-08-31</date> 
   <version> 
    <release>2.1.1</release> 
    <api>2.1.1</api> 
   </version> 
   <stability> 
    <release>beta</release> 
    <api>beta</api> 
   </stability> 
   <license uri="http://www.php.net/license">PHP License</license> 
   <notes> 
    - Fixed Yaf_View_Simple::render flush output instantly in PHP5.4
    - Fixed Yaf_Session crash in PHP5.4
   </notes> 
  </release> 
  <release> 
   <date>2011-08-28</date> 
   <version> 
    <release>2.1.0</release> 
    <api>2.1.0</api> 
   </version> 
   <stability> 
    <release>beta</release> 
    <api>beta</api> 
   </stability> 
   <license uri="http://www.php.net/license">PHP License</license> 
   <notes> 
    - Avoided calling to get_class_entry for higher performance
    - Added arginfo for all methods
    - Remove unnecessary stack variable initialization
    - Standardize error message
    - Add Yaf_Request::setRequstUri
    - Fixed build broken with PHP 5.4
   </notes> 
  </release> 
  <release> 
   <date>2011-06-28</date> 
   <version> 
    <release>2.0.1</release> 
    <api>2.0.1</api> 
   </version> 
   <stability> 
    <release>stable</release> 
    <api>stable</api> 
   </stability> 
   <license uri="http://www.php.net/license">PHP License</license> 
   <notes> 
    - Fixed Bug that when call to Yaf_Config_Ini/Yaf_Config_Simple with freaky paramters then invoke its methods cause crash (thanks to Felipe Pena)
    - Yaf_Application::execute call Zend_API call_user_func instead of call zif_call_user_func, since zif_call_user_func was not declared with dllexport
    - Built on windows with PHP-5.3.6 and PHP-5.2.15 (you can download the dll on Yaf Google Code)
    - Corrected some broken C89 statements
   </notes> 
  </release> 
  <release> 
   <date>2011-06-24</date> 
   <version> 
    <release>2.0.0</release> 
    <api>2.0.0</api> 
   </version> 
   <stability> 
    <release>stable</release> 
    <api>stable</api> 
   </stability> 
   <license uri="http://www.php.net/license">PHP License</license> 
   <notes> 
    - First release version
   </notes> 
  </release> 
 </changelog> 
</package> 
<!--
vim:et:ts=1:sw=1
--> 
